{"cameraMode":{"drawMode":0,"name":"Shaded","section":"Shading Mode"},"sceneLighting":false,"audioPlay":false,"sceneViewState":{"m_AlwaysRefresh":false,"showFog":true,"showSkybox":false,"showFlares":true,"showImageEffects":true,"showParticleSystems":true,"showVisualEffectGraphs":true,"m_FxEnabled":true},"in2DMode":false,"pivot":{"x":0.23759429156780244,"y":0.18026240170001985,"z":-0.3285400867462158},"rotation":{"x":-0.004532631486654282,"y":0.9954354763031006,"z":-0.06310489028692246,"w":-0.07149457186460495},"size":2.1110854148864748,"orthographic":false}